sr_no,state,mp_name,constituency,allocated_amount,project_count,spent_percentage,completion_percentage
1,Maharashtra,AASHTIKAR PATIL NAGESH BAPURAO,HINGOLI,190289442.0,5,66.36345655469242,59.29568899087592
2,Jammu And Kashmir,ABDUL RASHID SHEIKH,BARAMULLAH,154773472.11,13,80.11253967015662,35.359998294884804
3,Bihar,ABHAY KUMAR SINHA,AURANGABAD_BR,147000000.0,11,36.16929093840511,64.68753466705442
4,West Bengal,ABHIJIT GANGOPADHYAY,TAMLUK,147000000.0,6,31.65837315728331,72.52537201902088
5,West Bengal,Abu Taher Khan,MURSHIDABAD,147000000.0,9,59.53366013268,41.56759181273213
6,West Bengal,ADHIKARI SOUMENDU,KANTHI,147000000.0,7,37.326921608774,59.8736877084757
7,Uttar Pradesh,ADITYA YADAV,BADAUN,147000000.0,13,38.367251752648386,70.38692754665391
8,Kerala,Adv Adoor Prakash,ATTINGAL,147000000.0,7,85.7446700413507,24.568195573978883
9,Kerala,Adv Dean Kuriakose,IDUKKI,147000000.0,6,43.29914394726152,38.95231391985456
10,Maharashtra,ADV GOWAAL KAGADA PADAVI,NANDURBAR(ST),147816309.11,13,41.29776236322842,55.84842414960651
11,Kerala,ADV K FRANCIS GEORGE,KOTTAYAM,188722256.11,11,89.13799326923763,28.222245415726313
12,Uttar Pradesh,AFZAL ANSARI,GHAZIPUR,220500000.0,6,79.58429723805774,41.03862336987795
13,Jammu And Kashmir,AGA SYED RUHULLAH MEHDI,SRINAGAR,147000000.0,6,83.563184522569,69.27893342529534
14,Uttarakhand,Ajay Bhatt,NAINITAL UDHAM SINGH NAG.,147000000.0,9,75.67461593619905,93.2811011341043
15,Bihar,Ajay Kumar Mandal,BHAGALPUR,147000000.0,15,77.12241212765264,36.764847183076284
16,Uttarakhand,Ajay Tamta,ALMORA(SC),147000000.0,7,67.33611262019254,48.21977164863945
17,Uttar Pradesh,AJENDRA SINGH LODHI,HAMIRPUR_UP,147000000.0,9,43.34661914804209,24.551658930380576
18,Uttar Pradesh,AKHILESH YADAV,KANNAUJ,147000000.0,15,39.53316601225208,50.355278730942985
19,Uttar Pradesh,AKSHAYA YADAV,FIROZABAD,147000000.0,8,59.132029980773964,51.52992293728089
20,Manipur,ALFRED KANNGAM S ARTHUR,OUTER MANIPUR(ST),147000000.0,9,80.32318320433666,97.6528418284168
21,Bihar,Alok Kumar Suman,GOPALGANJ (SC),147000000.0,6,47.80644642987704,68.53491245484605
22,Madhya Pradesh,ALOK SHARMA,BHOPAL,147000000.0,13,82.58794836261715,33.18188301265009
23,Maharashtra,AMAR SHARADRAO KALE,WARDHA,147000000.0,11,37.98052276144918,91.02874885613792
24,Assam,AMARSING TISSO,Diphu (ST),147000000.0,7,87.7191703714832,63.69305156324408
25,Andhra Pradesh,AMBICA G LAKSHMINARAYANA VALMIKI,ANANTAPUR,201899064.11,8,59.21530070752027,38.21663007035361
26,Maharashtra,Amol Ramsing Kolhe,SHIRUR,147000000.0,7,36.06676280059415,68.21255101981025
27,Rajasthan,AMRARAM,SIKAR,165691544.11,6,47.098227041668494,86.55154528953118
28,Punjab,AMRINDER SINGH RAJA WARRING,LUDHIANA,147000000.0,9,51.000014916845814,43.863436893533496
29,Uttar Pradesh,ANAND BHADAURIYA,DHAURAHRA,147000000.0,9,62.149186815412534,62.38508411300006
30,Uttar Pradesh,ANAND KUMAR,BAHRAICH(SC),147000000.0,10,59.72696923987074,99.95662350262793
31,Odisha,ANANTA NAYAK,KEONJHAR(ST),147000000.0,11,67.61408101920902,57.7862300590695
32,Tamil Nadu,Andimuthu Raja,NILGIRIS(SC),147000000.0,15,87.43684971029512,25.192978046353353
33,Meghalaya,ANDREW J. SYNGKON,SHILLONG,98000000.0,15,45.00914203452609,41.4091346686147
34,Manipur,ANGOMCHA BIMOL AKOIJAM,INNER MANIPUR,147000000.0,12,57.37253541710863,89.88664955420272
35,Uttarakhand,ANIL BALUNI,GARHWAL,147000000.0,9,32.89871348098118,65.72582991606092
36,Maharashtra,ANIL YESHWANT DESAI,MUMBAI SOUTH CENTRAL,147000000.0,6,40.91239029776155,40.00239147038034
37,Madhya Pradesh,ANITA NAGARSINGH CHOUHAN,RATLAM(ST),147000000.0,5,42.994782329600305,85.53800043006908
38,Odisha,ANITA SUBHADARSHINI,ASKA,147000000.0,15,73.54472235745118,92.06316800865676
39,Jharkhand,Annpurna Devi,KODARMA,166665931.8,8,57.17893868974945,92.52262339745852
40,Uttar Pradesh,ANOOP PRADHAN BALMIKI,HATHRAS (SC),147000000.0,9,44.076639221299956,45.69265959867634
41,Kerala,Anto Antony,PATHANAMTHITTA,147000000.0,6,37.00425205522095,72.709011221098
42,Maharashtra,ANUP SANJAY DHOTRE,AKOLA,147000000.0,11,92.9420163384113,96.78620790946162
43,Uttar Pradesh,Anurag Sharma,JHANSI,147000000.0,7,85.46288419394853,60.63684626107011
44,Himachal Pradesh,Anurag Singh Thakur,HAMIRPUR_HP,149570117.11,12,83.07097011322061,96.5680998043233
45,Andhra Pradesh,Appalanaidu Kalisetti,VIZIANAGARAM,147000000.0,15,32.24780371015505,96.21245143007046
46,Bihar,ARUN BHARTI,JAMUI(SC),194924621.11,15,87.9228033844357,45.53915787967148
47,Uttar Pradesh,ARUN GOVIL,MEERUT,147000000.0,13,43.893571552055825,66.10747419669806
48,Tamil Nadu,ARUN NEHRU,PERAMBALUR,147000000.0,10,83.39490046005209,31.00013181846066
49,Telangana,ARUNA. D. K,MAHABUBNAGAR,147000000.0,12,66.01655165769492,32.50221155155841
50,West Bengal,ARUP CHAKRABORTY,BANKURA,147000000.0,6,78.09070197614443,26.264289071036
51,Telangana,Arvind Dharmapuri,NIZAMABAD,281396355.11,11,52.396353117581455,26.600380383681124
52,Maharashtra,Arvind Ganpat Sawant,MUMBAI SOUTH,147000000.0,12,74.03727919241794,56.25731767710002
53,Telangana,Asaduddin Owaisi,HYDERABAD,147000000.0,14,66.55681900396476,51.32053387011652
54,Madhya Pradesh,ASHISH DUBEY,JABALPUR,147000000.0,15,82.79464495356248,77.48444274393268
55,Uttar Pradesh,Ashok Kumar Rawat,MISRIKH(SC),147000000.0,11,44.558002665484324,90.01897608708919
56,Bihar,Ashok Kumar Yadav,MADHUBANI,147000000.0,13,53.374254963363185,55.646149445244006
57,West Bengal,Asit Kumar Mal,BOLPUR(SC),275694456.74,14,68.18610428079587,83.8938252000099
58,Uttar Pradesh,ATUL GARG,GHAZIABAD,155336470.0,11,49.23373518394833,70.56216098578108
59,Odisha,AVIMANYU SETHI,BHADRAK(SC),147000000.0,7,64.08614302924676,99.99516645434458
60,Uttar Pradesh,AWADHESH PRASAD,FAIZABAD,147000000.0,8,89.81091752722782,69.76583499417922
61,West Bengal,AZAD KIRTI JHA,BARDHAMAN-DURGAPUR,179658399.98,6,71.18005888823889,38.02921110362956
62,Andhra Pradesh,B K PARTHASARATHI,HINDUPUR,160491894.11,13,86.96355876749666,82.04084746197537
63,Uttar Pradesh,BABU SINGH KUSHWAHA,JAUNPUR,147000000.0,11,32.14548742386848,61.130796122902694
64,Maharashtra,BACHHAV SHOBHA DINESH,DHULE,147000000.0,11,91.9400515457767,64.62607975417255
65,West Bengal,BAG MITALI,ARAMBAG(SC),147000000.0,5,72.9428610857399,70.12036289162982
66,Odisha,BAIJAYANT PANDA,KENDRAPARA,147000000.0,8,48.1045873103031,58.67603469983738
67,Maharashtra,BAJRANG MANOHAR SONWANE,BEED,165899107.19,11,31.160278594700856,80.7595363306451
68,Odisha,BALABHADRA MAJHI,NABARANGPUR(ST),147413962.11,10,58.35059050770076,72.6461101817193
69,Andhra Pradesh,Balashowry Vallabbhaneni,MACHILIPATNAM,147000000.0,9,38.37229959846648,64.25996964428319
70,Telangana,BALRAM NAIK PORIKA,MAHABUBABAD,147000000.0,7,49.00470680173739,29.698039718871723
71,Maharashtra,BALWANT BASWANT WANKHADE,AMRAVATI(SC),198293678.0,8,61.95600133196788,86.04390864764135
72,Maharashtra,BALYA MAMA SURESH GOPINATH MHATRE,BHIWANDI,147000000.0,10,62.74487459189053,35.73077823240874
73,Delhi,Bansuri Swaraj,NEW DELHI,154306950.0,9,86.3404317703475,85.41158634476014
74,West Bengal,BAPI HALDAR,MATHURAPUR(SC),147000000.0,8,64.50416788066886,75.57843647830737
75,Karnataka,BASAVARAJ BOMMAI,HAVERI,147000000.0,13,83.2421500722217,63.133050037693785
76,Andhra Pradesh,BASTIPATI NAGARAJU PANCHALINGALA,KURNOOL,159998515.11,15,45.795873115099,38.81864133008605
77,Rajasthan,Bhagirath Chaudhary,AJMER,147000000.0,10,88.15646739333073,65.62848620380879
78,Rajasthan,BHAJAN LAL JATAV,KARAULI-DHOLPUR(SC),147000000.0,8,52.850279387939615,35.06364232400355
79,Madhya Pradesh,BHARAT SINGH KUSHWAH,GWALIOR,151455276.04,10,57.55328945536587,54.39212522664016
80,Gujarat,BHARATBHAI MANUBHAI SUTARIYA,AMRELI,147000000.0,6,67.93123797968973,75.01561074164698
81,Gujarat,Bharatsinhji Shankarji Dabhi,PATAN,147000000.0,10,47.61585900578022,95.24591073573093
82,Madhya Pradesh,BHARTI PARDHI,BALAGHAT,154398389.01,15,61.439501079118415,30.283530660827125
83,Maharashtra,BHASKAR MURLIDHAR BHAGARE,DINDORI(ST),147000000.0,10,73.30338670377971,67.01053752871076
84,Maharashtra,BHAUSAHEB RAJARAM WAKCHAURE,SHIRDI(SC),147000000.0,5,90.48118630785692,75.53316266028736
85,Chhattisgarh,BHOJRAJ NAG,KANKER(ST),164672734.11,6,83.44347484378852,99.78064569505358
86,Uttar Pradesh,Bhola Singh,BULANDSHAHR(SC),147000000.0,9,63.07089672889126,23.359868538297217
87,Maharashtra,BHUMARE SANDIPANRAO ASARAM,AURANGABAD_MH,147000000.0,5,30.120888056590342,46.01396432682077
88,Andhra Pradesh,Bhupathiraju Srinivasa varma,NARASAPURAM,147000000.0,11,44.218730394405625,27.757235506441837
89,Rajasthan,BHUPENDER YADAV,ALWAR,147000000.0,8,38.46494134248056,72.20865496024237
90,Odisha,BIBHU PRASAD TARAI,JAGATSINGHPUR(SC),147000000.0,11,86.36281794262973,75.10476640334576
91,Jharkhand,Bidyut Baran Mahato,JAMSHEDPUR,147000000.0,6,63.65929042237251,24.329189277446794
92,Assam,BIJULI KALITA MEDHI,GUWAHATI,147000000.0,8,46.943981910955785,64.9167467171832
93,Tripura,BIPLAB KUMAR DEB,TRIPURA WEST,147000000.0,14,38.31545444927832,95.90647732534747
94,Andaman And Nicobar Islands,BISHNU PADA RAY,ANDAMAN AND NICOBAR ISLANDS,147000000.0,15,63.435884513545865,73.97031728026096
95,Rajasthan,BRIJENDRA SINGH OLA,JHUNJHUNU,147000000.0,6,73.99138311851503,40.199508087781936
96,Chhattisgarh,BRIJMOHAN AGRAWAL,RAIPUR,153766451.11,6,67.47988273820555,95.22306200672503
97,Madhya Pradesh,BUNTY VIVEK SAHU,CHHINDWARA,147000000.0,13,55.94197910445706,92.57800001643706
98,Gujarat,C R Patil,NAVSARI,158532494.36,12,49.7652083134986,27.33824275189648
99,Andhra Pradesh,C.M.RAMESH,ANAKAPALLE,202531656.11,9,76.67355158608322,27.05897085243139
100,Karnataka,CAPTAIN BRIJESH CHOWTA,DAKSHINA KANNADA,147000000.0,11,65.28681374450792,66.79812225063355
101,Goa,CAPTAIN VIRIATO FERNANDES,SOUTH GOA,147000000.0,7,88.3550129605444,47.43822858158731
102,Telangana,CHAMALA KIRAN KUMAR REDDY,BHONGIR,147000000.0,14,54.39809604422838,61.60687862672519
103,Uttar Pradesh,CHANDAN CHAUHAN,BIJNOR,147000000.0,5,89.35701125340739,95.70122913306405
104,Rajasthan,Chandra Prakash Joshi,CHITTORGARH,147000000.0,8,55.72699602186111,44.91288356704836
105,Uttar Pradesh,CHANDRA SHEKHAR,NAGINA(SC),147000000.0,15,87.40958667318208,39.00936205273265
106,Gujarat,CHANDUBHAI CHHAGANBHAI SHIHORA,SURENDRANAGAR,147000000.0,10,60.39982326576958,76.52025850136638
107,Punjab,CHARANJIT SINGH CHANNI,JALANDHAR(SC),147000000.0,15,45.154571724514504,46.71920032034113
108,Maharashtra,CHAVAN VASANTRAO BALWANTRAO,NANDED,0.0,12,71.90164241928076,97.73666738570633
109,Uttar Pradesh,CHHATRA PAL SINGH GANGWAR,BAREILLY,147000000.0,14,36.146618311144636,87.96013203909621
110,Maharashtra,CHHATRAPATI SHAHU SHAHAJI,KOLHAPUR,147000000.0,12,63.83735908015017,77.75141667055176
111,Uttar Pradesh,CHHOTELAL,ROBERTSGANJ(SC),147000000.0,13,46.60139731307531,54.316404909962
112,Chhattisgarh,CHINTAMANI MAHARAJ,SARGUJA(ST),147000000.0,6,50.663419705645794,64.77281325556274
113,Bihar,CHIRAG PASWAN,HAJIPUR(SC),147000000.0,9,78.4301808411933,49.993668178690776
114,Tamil Nadu,CN Annadurai,TIRUVANNAMALAI,148579509.11,15,66.37725208166484,81.5175614842172
115,Tamil Nadu,D M Kathir Anand,VELLORE,160196941.11,13,56.85405987906121,22.121770931533227
116,Tamil Nadu,D Ravikumar,VILUPPURAM(SC),197598306.11,11,42.900988045047285,26.11555727020474
117,Andhra Pradesh,Daggubati Purandeshwari,RAJAHMUNDRY,147000000.0,14,68.71088515018245,84.34405706585414
118,Andhra Pradesh,DAGGUMALLA PRASADA RAO,CHITTOOR,147000000.0,5,33.32186958899492,73.75877325101159
119,Rajasthan,DAMODAR AGARWAL,BHILWARA,147000000.0,6,83.49891836869755,91.42346798473237
120,Uttar Pradesh,DAROGA PRASAD SAROJ,LALGANJ (SC),147000000.0,11,91.88385001319494,81.63969734676616
121,Madhya Pradesh,DARSHAN SINGH CHOUDHARY,HOSHANGABAD,147000000.0,5,56.377662954526514,45.7582805465296
122,Haryana,DEEPENDER SINGH HOODA,ROHTAK,147000000.0,12,85.37013931604872,32.44291239154109
123,Uttar Pradesh,Devendra Alias Bhole Singh,AKBARPUR,147000000.0,5,44.40934416559634,94.09649143968319
124,Bihar,DEVESH CHANDRA THAKUR,SITAMARHI,163809205.11,5,72.01666930443241,35.332726738949944
125,Uttar Pradesh,DEVESH SHAKYA,ETAH,147000000.0,5,40.147415556510296,47.2342624294971
126,Gujarat,Devusinh Jesingbhai Chauhan,KHEDA,147000000.0,9,35.17955684912016,77.54664619404616
127,Maharashtra,Dhairyasheel Sambhajirao Mane,HATKANANGLE,147000000.0,15,75.136887576215,25.310027502574872
128,Maharashtra,DHANORKAR PRATIBHA SURESH ALIAS BALUBHAU,CHANDRAPUR,147000000.0,10,31.50743105322919,65.34893905762158
129,Odisha,DHARMENDRA PRADHAN,SAMBALPUR,147000000.0,9,34.8243432114009,92.49332565198966
130,Uttar Pradesh,DHARMENDRA YADAV,AZAMGARH,147000000.0,5,75.57873434441376,41.66499721480073
131,Gujarat,DHAVAL LAXMANBHAI PATEL,VALSAD(ST),147000000.0,8,66.97324233766352,67.15988989077628
132,Bihar,Dileshwar Kamait,SUPAUL,150450930.89,12,77.87822266677473,57.06492433505908
133,Assam,Dilip Saikia,Darrang-Udalguri,147000000.0,8,93.61070723095143,87.17887028900093
134,Bihar,Dinesh Chandra Yadav,MADHEPURA,150070866.11,14,53.39112761697235,24.14565113680129
135,Gujarat,DINESHBHAI MAKWANA,AHMEDABAD WEST(SC),160434965.11,13,75.31362309990094,41.35622828267901
136,Andhra Pradesh,DR BYREDDY SHABARI,NANDYAL,150675889.11,5,52.289992654175535,55.66331499626463
137,Karnataka,DR C N MANJUNATH,BANGALORE RURAL,147000000.0,11,49.830140406411566,52.69760005137555
138,Andhra Pradesh,Dr Chandra Sekhar Pemmasani,GUNTUR,159774113.11,14,75.7027833886519,58.50530172137364
139,Punjab,DR DHARAMVIRA GANDHI,PATIALA,147000000.0,14,36.62936006822528,26.65110343097396
140,West Bengal,Dr Jayanta Kumar Roy,JALPAIGURI(SC),147000000.0,15,82.88327650255518,27.06475770133987
141,Maharashtra,DR KALGE SHIVAJI BANDAPPA,LATUR(SC),147000000.0,15,93.81465155099181,46.83978373116915
142,Bihar,Dr Mohammad Jawed,KISHANGANJ,148669229.11,12,71.8970666416239,28.28132131255659
143,Uttar Pradesh,DR RAJKUMAR SANGWAN,BAGHPAT,147000000.0,7,76.50170122382048,97.1480315217561
144,Tamil Nadu,DR RANI SRI KUMAR,TENKASI(SC),153060922.82,8,72.17774325478108,65.35519601319805
145,Kerala,Dr Shashi Tharoor,THIRUVANANTHAPURAM,147000000.0,5,66.2247201179101,69.34524940280352
146,West Bengal,Dr Sukanta Majumdar,BALURGHAT,157085364.9,6,59.13825498703191,78.53972141495653
147,Gujarat,DR. HEMANG JOSHI,VADODARA,147000000.0,13,53.76887475271591,67.33793394137199
148,Maharashtra,DR. HEMANT VISHNU SAVARA,PALGHAR(ST),147000000.0,6,75.43483915780973,95.7980044992129
149,Maharashtra,DR. KIRSAN NAMDEO,GADCHIROLI-CHIMUR(ST),147000000.0,15,94.56692752698177,29.344673883677643
150,Madhya Pradesh,DR. LATA WANKHEDE,SAGAR,147000000.0,10,37.57897153751251,59.294109261255315
151,Kerala,DR. M.P ABDUSSAMAD SAMADANI,PONNANI,170434031.11,6,55.61210176782015,63.34881038803463
152,Gujarat,DR. MANSUKH MANDAVIYA,PORBANDAR,147000000.0,13,56.67244512959562,98.54723500938879
153,Karnataka,DR. PRABHA MALLIKARJUN,DAVANAGERE,147000000.0,13,66.7090001359458,25.500478172983883
154,Odisha,DR. PRADEEP KUMAR PANIGRAHY,BERHAMPUR,147000000.0,5,64.26708511172033,85.67762025273856
155,Maharashtra,DR. PRASHANT YADAORAO PADOLE,BHANDARA-GONDIYA,159680283.39,12,73.73834662731332,74.28283310698556
156,Punjab,DR. RAJ KUMAR CHABBEWAL,HOSHIARPUR(SC),147000000.0,12,89.49229552021487,60.917282806557424
157,Madhya Pradesh,DR. RAJESH MISHRA,SIDHI,262724510.35,15,48.56571411826974,30.596986814907623
158,Uttar Pradesh,DR. S P SINGH,PRATAPGARH,147000000.0,6,91.87085668577731,27.185943130893932
159,West Bengal,DR. SHARMILA SARKAR,BARDHAMAN PURBA(SC),147000000.0,11,74.40638831087182,73.4763151499395
160,Karnataka,DR.K.SUDHAKAR,CHIKBALLAPUR,147000000.0,11,69.60365904736827,68.82644936187002
161,Telangana,DR.MALLU RAVI,NAGARKURNOOL(SC),147000000.0,13,41.701530737820924,99.89573530295121
162,Jharkhand,DULU MAHATO,DHANBAD,147000000.0,12,38.404448646187944,21.246438750705394
163,Tamil Nadu,DURAI VAIKO,TIRUCHIRAPPALLI,147000000.0,12,43.46435330113082,63.864017912806254
164,Madhya Pradesh,Durga Das Uikey,BETUL(ST),151569502.91,5,77.68230527402736,90.0208282455572
165,Rajasthan,Dushyant Singh,JHALAWAR-BARAN,147000000.0,8,61.468973098434965,80.41448462033063
166,Karnataka,E. TUKARAM,BELLARY(ST),147000000.0,5,66.46929492961516,76.51843084144517
167,Kerala,E.T. MOHAMMED BASHEER,MALAPPURAM,163895872.11,12,92.51663955030804,23.04300148183181
168,Telangana,EATALA RAJENDER,MALKAJGIRI,327477390.86,8,85.7333812464151,29.20242554912771
169,Tamil Nadu,ESWARASAMY K,POLLACHI,162315106.11,13,83.46002184799507,55.81467443491681
170,Madhya Pradesh,Faggan Singh Kulaste,MANDLA(ST),151861648.41,13,36.266840650948865,39.533786729865994
171,Karnataka,G. KUMAR NAIK,RAICHUR(ST),147000000.0,11,37.78206976818334,50.935586301234196
172,Maharashtra,GAIKWAD VARSHA EKNATH,MUMBAI NORTH-CENTRAL,147000000.0,9,32.73284860223709,59.026773032034654
173,Madhya Pradesh,Gajendra Singh Patel,KHARGONE(ST),147000000.0,8,41.447282379970126,93.79510979526805
174,Rajasthan,Gajendra Singh Shekhawat,JODHPUR,147000000.0,14,65.55011187734192,27.20586568397031
175,Tamil Nadu,GANAPATHY RAJKUMAR P,COIMBATORE,147370490.11,5,74.63131691454029,87.9815945543098
176,Tamil Nadu,Ganesan Selvam,KANCHEEPURAM(SC),186508749.11,6,94.34951815794145,96.06539572465414
177,Madhya Pradesh,Ganesh Singh,SATNA,147000000.0,11,57.88856646151663,82.02154199617459
178,Assam,GAURAV GOGOI,JORHAT,147000000.0,5,56.3428199399599,67.73824454933873
179,Gujarat,GENIBEN NAGAJI THAKOR,BANASKANTHA,147000000.0,15,54.955273577724114,63.27841863528071
180,Bihar,Giridhari Yadav,BANKA,147000000.0,7,52.74678970629125,75.12595510956514
181,Bihar,Giriraj Singh,BEGUSARAI,147000000.0,11,71.70007214872848,75.90306956532302
182,Andhra Pradesh,GM Harish Balayogi,AMALAPURAM(SC),147000000.0,7,46.49859935719395,25.829392680511845
183,Telangana,GODAM NAGESH,ADILABAD(ST),147000000.0,7,36.95965435543205,88.66211947344732
184,Tamil Nadu,GOPINATH K,KRISHNAGIRI,147000000.0,6,61.036536423042655,83.14022599511662
185,Karnataka,GOVIND MAKTHAPPA KARJOL,CHITRADURGA(SC),147000000.0,8,79.64355647584792,90.36770938092711
186,Andhra Pradesh,Gumma Thanuja Rani,ARAKU(ST),149458905.11,5,77.09082272479483,73.95045861741451
187,Punjab,GURMEET SINGH MEET HAYER,SANGRUR,147000000.0,9,70.12027083208297,38.99748447313432
188,Madhya Pradesh,Gyaneshwar Patil,KHANDWA,155690684.77,15,69.04169730905988,45.67881912489186
189,Karnataka,H.D. KUMARASWAMY,MANDYA,147000000.0,6,67.03985875082486,87.0819131762188
190,Uttar Pradesh,HARENDRA SINGH MALIK,MUZAFFARNAGAR,147000000.0,7,38.524711408543396,33.194491916685124
191,Gujarat,HARIBHAI PATEL,MAHESANA,147000000.0,6,39.26532492760225,38.71680921540121
192,Rajasthan,HARISH CHANDRA MEENA,TONK-SAWAI MADHOPUR,147000000.0,5,81.6973186851531,28.89005092343276
193,Delhi,Harsh Malhotra,EAST DELHI,147134131.0,10,90.63323415123664,26.85190388989202
194,Gujarat,Hasmukh Bhai Soma Bhai Patel,AHMEDABAD EAST,147000000.0,14,64.3089382249283,82.3100012644053
195,Uttar Pradesh,IMRAN MASOOD,SAHARANPUR,147000000.0,12,30.426192893703487,31.547919013645398
196,Sikkim,Indra Hang Subba,SIKKIM,152003923.11,14,73.48430659933675,45.50498913908443
197,Uttar Pradesh,IQRA CHOUDHARY,KAIRANA,147000000.0,13,75.00948770257851,61.69602278546803
198,West Bengal,ISHA KHAN CHOUDHURY,MALDAHA DAKSHIN,147000000.0,11,66.67831187792058,34.092113927936325
199,West Bengal,JAGADISH CHANDRA BARMA BASUNIA,COOCHBEHAR(SC),168604641.11,6,38.44719870760435,73.0802926641051
200,Karnataka,JAGADISH SHETTAR,BELGAUM,147000000.0,13,74.40231725785259,95.24695787252183
201,West Bengal,Jagannath Sarkar,RANAGHAT(SC),147000000.0,12,61.813348573417045,36.996894944632324
202,Uttar Pradesh,Jagdambika Pal,DOMARIYAGANJ,160643957.11,6,59.90722139671459,62.03133183820469
203,Haryana,JAI PARKASH,HISAR,147000000.0,15,90.76672007038842,70.40472082492698
204,Uttar Pradesh,Jai Prakash,HARDOI (SC),147000000.0,12,87.84140545433124,63.59218547123791
205,Madhya Pradesh,Janardan Mishra,REWA,147000000.0,13,75.5444613623171,95.6712684645622
206,Gujarat,JASHUBHAI BHILUBHAI RATHVA,CHHOTA UDAIPUR(ST),147000000.0,15,45.887811688348336,50.903118016126086
207,Gujarat,Jaswantsinh Sumanbhai Bhabhor,DAHOD(ST),147000000.0,7,51.64839848441002,41.65880307602531
208,Bihar,JITAN RAM MANJHI,GAYA (SC),147000000.0,13,31.85037721337989,36.09213700473899
209,Uttar Pradesh,JITENDRA KUMAR DOHARE,ETAWAH(SC),188747306.26,11,57.83460180216428,37.40557260890484
210,Jammu And Kashmir,Jitendra Singh,UDHAMPUR,147000000.0,9,30.282963087401793,67.03039433858247
211,Uttar Pradesh,JITIN PRASADA,PILIBHIT,147000000.0,12,85.35033741664313,89.90944402825083
212,Jharkhand,JOBA MAJHI,SINGHBHUM(ST),147000000.0,13,81.33152757543785,44.287336276344504
213,Assam,JOYANTA BASUMATARY,KOKRAJHAR (ST),147000000.0,7,37.19233017650228,63.79989611325819
214,West Bengal,JUNE MALIAH,MEDINIPUR,147000000.0,6,46.543108146192004,33.65109689409568
215,Madhya Pradesh,JYOTIRADITYA M. SCINDIA,GUNA,147000000.0,14,78.45783079677713,45.484051254357965
216,Chhattisgarh,Jyotsna Charandas Mahant,KORBA,155153738.11,11,47.38244343794216,36.680517625188486
217,Tamil Nadu,K E PRAKASH,ERODE,147000000.0,15,92.7357005381993,48.96256630765343
218,Kerala,K RADHAKRISHNAN,ALATHUR(SC),147000000.0,15,66.63046881864278,62.21277660648649
219,Tamil Nadu,K Subbarayan,TIRUPPUR,147000000.0,8,46.36952548176697,48.70360869419044
220,Kerala,K. C VENUGOPAL,ALAPPUZHA,147000000.0,9,47.65925208012542,40.30731535958581
221,Karnataka,K. RAJASHEKAR BASAVARAJ HITNAL,KOPPAL,147000000.0,14,30.78938952380451,54.28523719751133
222,Telangana,KADIYAM KAVYA,WARANGEL(SC),147000000.0,11,75.75245135000776,90.52804912269862
223,West Bengal,Kakoli Ghosh Dastidar,BARASAT,147000000.0,5,38.62421822574653,72.64059276763857
224,The Dadra And Nagar Haveli And Daman And Diu,Kalaben Mohanbhai Delkar,DADRA & NAGAR HAVELI (ST),147000000.0,14,59.42093795245782,56.669105376081
225,Tamil Nadu,Kalanidhi Veeraswamy,CHENNAI NORTH,171500000.0,6,89.44329894898289,71.5929813942073
226,Jharkhand,KALI CHARAN MUNDA,KHUNTI(ST),147000000.0,11,38.15074972659215,55.16449425213164
227,Jharkhand,KALI CHARAN SINGH,CHATRA,147000000.0,13,47.224478858838,82.16352651920268
228,West Bengal,KALIPADA SAREN,JHARGRAM(ST),147000000.0,8,59.11114027325917,64.31288140244664
229,West Bengal,Kalyan Banerjee,SREERAMPUR,147000000.0,14,32.15316049382862,44.38956701462835
230,Maharashtra,KALYAN VAIJINATHRAO KALE,JALNA,147000000.0,7,73.04139299128222,71.98155908683438
231,Assam,KAMAKHYA PRASAD TASA,Kaziranga,147000000.0,11,94.55102607854076,30.646959772762443
232,Delhi,Kamaljeet Sehrawat,WEST DELHI,147000000.0,10,36.702388603337894,68.01891246280945
233,Chhattisgarh,KAMLESH JANGDE,JANJGIR CHAMPA(SC),150384382.11,14,30.5900828991826,72.96061810820979
234,Uttar Pradesh,Kamlesh Paswan,BANSGAON(SC),147000000.0,8,57.23438966101372,67.49273626306
235,Himachal Pradesh,Kangana Ranaut,MANDI,147000000.0,11,66.07162417980123,87.37512734756761
236,Tamil Nadu,Kani K Navas,RAMANATHAPURAM,147000000.0,14,41.216292897520844,59.67328677671492
237,Tamil Nadu,Kanimozhi Karunanidhi,THOOTHUKKUDI,147000000.0,15,64.87564540433246,80.92654159830843
238,Uttar Pradesh,KANWAR SINGH TANWAR,AMROHA,147000000.0,12,87.54017257331596,79.32435986915814
239,Uttar Pradesh,KARAN BHUSHAN SINGH,KAISERGANJ,147000000.0,8,77.52997805183449,20.43416059958524
240,West Bengal,KARTICK CHANDRA PAUL,RAIGANJ,202677986.56,10,76.06930558257058,71.29744663149464
241,Bihar,Kaushalendra Kumar,NALANDA,147000000.0,12,33.7218534840553,71.97591150229167
242,West Bengal,Khagen Murmu,MALDAHA UTTAR,147000000.0,9,56.74167433035582,72.4887664615723
243,West Bengal,Khalilur Rahaman,JANGIPUR,147000000.0,9,79.11540616903972,99.78885968903887
244,Andhra Pradesh,Kinjarapu Ram Mohan Naidu,SRIKAKULAM,171200630.11,7,48.5815607297274,91.6277442832205
245,Arunachal Pradesh,Kiren Rijiju,ARUNACHAL WEST,147000000.0,7,86.72565087918574,58.55816308720098
246,Uttar Pradesh,Kirti Vardhan Singh,GONDA,147000000.0,10,30.15183713575509,49.36768690556728
247,Telangana,Kishan Reddy Gangapuram,SECUNDERABAD,147000000.0,11,56.96284085637457,75.41831267051472
248,Uttar Pradesh,KISHORI LAL,AMETHI,171500000.0,11,61.957316720865975,99.15544554658922
249,Telangana,KONDA VISHWESHWAR REDDY,CHELVELLA,233721420.96,9,70.91117577176436,40.419533303152456
250,Karnataka,KOTA SRINIVAS POOJARY,UDUPI CHIKMAGALUR,147000000.0,11,42.67485387537351,22.929093854541875
251,Assam,Kripanath Mallah,KARIMGANJ (SC),147000000.0,13,79.5169867122126,80.82069718590303
252,Haryana,Krishan Pal Gurjar,FARIDABAD,147000000.0,6,75.68952960656296,72.97843434222868
253,Uttar Pradesh,KRISHNA DEVI SHIVSHANKER PATEL,BANDA,147000000.0,7,74.5933402008322,56.65393404930896
254,Andhra Pradesh,Krishna Prasad Tenneti,BAPATLA,167796849.11,13,93.34629308322553,46.04033592161811
255,Tripura,KRITI DEVI DEBBARMAN,TRIPURA EAST(ST),147000000.0,8,61.59295424547377,46.830725471422184
256,Rajasthan,KULDEEP INDORA,GANGANAGAR(SC),147000000.0,11,41.73034122553643,42.65947421571549
257,Telangana,KUNDURU RAGHUVEER,NALGONDA,162952022.0,6,46.32714932408401,39.623886987103404
258,Uttar Pradesh,LALJI VERMA,AMBEDKAR NAGAR,147000000.0,5,48.406029448005455,39.565280258931644
259,Andhra Pradesh,Lavu Sri Krishna Devarayalu,NARASARAOPET,174009663.11,5,32.54722549304262,81.180649338278
260,Uttar Pradesh,LAXMIKANT PAPPU NISHAD,SANT KABIR NAGAR,147000000.0,15,81.32232957935551,47.19606481682911
261,Bihar,LOVELY ANAND,SHEOHAR,147000000.0,6,90.61865049359224,25.793086096510542
262,Rajasthan,LUMBARAM,JALORE,147000000.0,14,45.39576779380121,44.23473887283346
263,Karnataka,M. MALLESH BABU,KOLAR(SC),147065957.11,11,47.33075351729157,76.89122322117379
264,Tamil Nadu,M.K. VISHNUPRASAD,CUDDALORE,147000000.0,12,91.82725252763834,89.33274576808043
265,Andhra Pradesh,Maddila Gurumoorthy,TIRUPATI(SC),180399007.0,15,74.93938000870352,75.88790564338798
266,Telangana,MADHAVANENI RAGHUNANDAN RAO,MEDAK,147000000.0,11,68.33733763467326,45.69938750868865
267,Andhra Pradesh,Magunta Sreenivasulu Reddy,ONGOLE,147000000.0,6,71.22410224893827,36.48208815580098
268,Madhya Pradesh,Mahendra Singh Solanky,DEWAS(SC),147000000.0,7,40.55914382831375,88.06127419672887
269,Chhattisgarh,MAHESH KASHYAP,BASTAR(ST),147000000.0,5,36.78470259954638,94.77483160946244
270,Uttar Pradesh,Mahesh Sharma,GAUTAM BUDDHA NAGAR,148816284.11,13,90.01969007124579,60.42837691923446
271,Rajasthan,MAHIMA KUMARI MEWAR,RAJSAMAND,183892143.0,14,47.17070083687995,22.62424660449802
272,Uttarakhand,Mala Rajya Laxmi Shah,TEHRI GARHWAL,147000000.0,5,34.72049964320354,81.73072272887046
273,West Bengal,Mala Roy,KOLKATA DAKSHIN,147000000.0,15,90.5164477481556,72.63736283155734
274,Tamil Nadu,MALAIYARASAN D,KALLAKURICHI,201599593.0,8,91.9427161050487,63.352098941712484
275,Odisha,MALVIKA DEVI,KALAHANDI,147000000.0,5,52.979391684282376,36.98992135699108
276,Punjab,MALVINDER SINGH KANG,ANANDPUR SAHIB,147000000.0,14,51.93241810967095,98.15097960893327
277,Tamil Nadu,MANI. A.,DHARAMAPURI,164515071.11,15,59.35403969770419,84.14262267585728
278,Tamil Nadu,Manickam Tagore B,VIRUDHUNAGAR,147000000.0,14,88.87383489839748,74.41927524902816
279,Jharkhand,MANISH JAISWAL,HAZARIBAGH,147000000.0,13,32.65785007641048,34.700713419675594
280,Chandigarh,MANISH TEWARI,CHANDIGARH,178351443.75,11,76.58668174662701,60.043223066712414
281,Rajasthan,MANJU SHARMA,JAIPUR,167082901.11,9,79.78472406764988,42.31948815403699
282,Rajasthan,MANNA LAL RAWAT,UDAIPUR(ST),147000000.0,14,31.471129060435324,35.457556570517866
283,Haryana,MANOHAR LAL,KARNAL,147000000.0,5,44.988320708520824,95.64066252792168
284,Bihar,MANOJ KUMAR,SASARAM(SC),147000000.0,13,31.716042984104977,32.211303605160495
285,West Bengal,MANOJ TIGGA,ALIPURDUARS(ST),147000000.0,8,33.62058789065721,38.84454658777865
286,Delhi,Manoj Tiwari,NORTH EAST DELHI,225843858.0,6,94.31442145166876,99.38444640454864
287,Gujarat,Mansukhbhai Dhanjibhai Vasava,BHARUCH,147000000.0,11,72.51277732353849,62.25231070496311
288,Jammu And Kashmir,MIAN ALTAF AHMAD,ANANTNAG,147000000.0,13,36.52254705838513,43.730949143223974
289,Andhra Pradesh,Midhun Reddy,RAJAMPET,178951477.11,9,86.08771286541135,62.55036664610412
290,Bihar,MISHA BHARTI,PATALIPUTRA,147000000.0,14,77.24666073297026,97.83151856962053
291,Gujarat,Mitesh Rameshbhai Bakabhai Patel,ANAND,147000000.0,10,89.03328775223112,25.419783248037568
292,Ladakh,Mohamed Haneefa,LADAKH,161114542.0,8,60.70831820169428,40.71259117437713
293,Uttar Pradesh,MOHIBBULLAH,RAMPUR,147000000.0,5,37.47442539126632,64.46794899135853
294,Maharashtra,MOHITE PATIL DHAIRYASHEEL RAJSINH,MADHA,195613601.7,14,45.56656036109668,72.35874972532403
295,Bihar,Mr Gopal Jee Thakur,DARBHANGA,147000000.0,8,65.24233978514683,21.982754428261853
296,West Bengal,Ms Mahua Moitra,KRISHNANAGAR,159865046.0,5,45.58463134058573,77.42156354547208
297,Lakshadweep,MUHAMMED HAMDULLAH SAYEED,LAKSHADWEEP(ST),153942460.41,11,47.327850288122235,82.79614022470494
298,Uttar Pradesh,Mukesh Rajput,FARRUKHABAD,147000000.0,10,31.27739621562691,65.80784715781408
299,Gujarat,MUKESHKUMAR CHANDRAKAANT DALAL,SURAT,147000000.0,7,43.672360194489706,76.77914075586304
300,Rajasthan,MURARI LAL MEENA,DAUSA(ST),147000000.0,10,33.78513461456572,98.60700800652832
301,Tamil Nadu,MURASOLI S,THANJAVUR,147000000.0,10,32.69512068853705,25.264614310952638
302,Maharashtra,MURLIDHAR MOHOL,PUNE,147000000.0,12,34.175808605905054,79.25770071942495
303,Odisha,NABA CHARAN MAJHI,MAYURBHANJ (ST),147563957.11,9,88.06920351086058,32.5051747624666
304,Jharkhand,NALIN SOREN,DUMKA(ST),147364097.11,9,69.0195567996029,86.91037880278058
305,Uttar Pradesh,NARAYAN DAS AHIRWAR,JALAUN(SC),147000000.0,6,90.27688693875317,28.162446266677172
306,Maharashtra,NARAYAN TATU RANE,RATNAGIRI-SINDHUDURG,147000000.0,5,56.708943906237565,56.33746905534771
307,Uttar Pradesh,NARESH CHANDRA UTTAM PATEL,FATEHPUR,147000000.0,11,87.37232688163928,40.00581935810992
308,Maharashtra,NARESH GANPAT MHASKE,THANE,147000000.0,6,92.8782872913093,85.89719932488498
309,Haryana,NAVEEN JINDAL,KURUKSHETRA,147000000.0,9,72.79679971268747,50.86381769950016
310,Uttar Pradesh,NEERAJ MAURYA,AONLA,147000000.0,6,61.30252193268032,86.27090438071929
311,Maharashtra,NILESH DNYANDEV LANKE,AHMEDNAGAR,147000000.0,13,44.357727308728606,61.13771872720026
312,Gujarat,NIMUBEN JAYANTIBHAI BAMBHANIYA,BHAVNAGAR,147000000.0,12,91.26029766589087,97.02354673953714
313,Jharkhand,Nishikant Dubey,GODDA,147000000.0,14,70.25171398936442,86.46722995016466
314,Maharashtra,Nitin Jairam Gadkari,NAGPUR,168195086.11,15,48.16773347105635,60.554105591863696
315,Bihar,Nityanand Rai,UJJARPUR,147000000.0,15,46.985324798168385,87.8122196610323
316,Rajasthan,Om Birla,KOTA,163906956.6,14,90.47987458455255,69.43724772415004
317,Maharashtra,Omprakash Bhupalsinh Alias Pawan Rajenimbalkar,OSMANABAD,184758519.11,13,37.19973295776219,91.24461754028182
318,Karnataka,P C Mohan,BANGALORE CENTRAL,159995711.11,14,53.83134730143628,41.27106289822721
319,Uttar Pradesh,Pankaj Chowdhary,MAHARAJGANJ_UP,147000000.0,6,52.40435037895297,33.79620997663811
320,Assam,PARIMAL SUKLABAIDYA,SILCHAR,148300157.11,10,47.46761674555873,43.37361231319376
321,Gujarat,PARSHOTTAMBHAI RUPALA,RAJKOT,147000000.0,10,62.558758935384475,79.08879252176631
322,West Bengal,PARTHA BHOWMICK,BARRACKPUR,147000000.0,12,60.88477186795549,42.03087600005394
323,Karnataka,Parvatagouda Chandanagouda Gaddigoudar,BAGALKOT,167541747.11,13,84.30244973841718,60.066819659798995
324,The Dadra And Nagar Haveli And Daman And Diu,PATEL UMESHBHAI BABUBHAI,DAMAN and DIU,245063957.0,8,50.548146744905786,97.08776604832163
325,West Bengal,PATHAN YUSUF,BAHARAMPUR,147000000.0,14,43.652504716049286,79.65369167962487
326,Assam,PHANI BHUSAN CHOUDHURY,BARPETA,147000000.0,5,68.7079705515709,82.98647480045611
327,Maharashtra,Piyush Vedprakash Goyal,MUMBAI NORTH,147000000.0,8,56.67301542273317,38.39929591529884
328,Andhra Pradesh,PRABHAKAR REDDY VEMIREDDY,NELLORE(SC),147000000.0,13,33.42897276676266,57.85466870145049
329,Gujarat,Prabhubhai Nagarbhai Vasava,BARDOLI(ST),147000000.0,6,41.812065711938274,96.98818228380817
330,Assam,Pradan Baruah,LAKHIMPUR,147000000.0,7,58.61099242993401,62.95253690798805
331,Bihar,Pradeep Kumar Singh,ARARIA,147000000.0,8,75.83605314531499,33.35864990465489
332,Odisha,PRADEEP PUROHIT,BARGARH,147000000.0,10,90.06757683763146,76.7792726477899
333,Assam,Pradyut Bordoloi,NOWGONG,98000000.0,15,49.70737666353785,27.00500987221142
334,Karnataka,Pralhad Venkatesh Joshi,DHARWAD,147000000.0,14,55.684473040004164,56.273120347761456
335,Maharashtra,PRANITI SUSHILKUMAR SHINDE,SOLAPUR(SC),147000000.0,7,55.807066917855266,56.61597823534458
336,West Bengal,Prasun Banerjee,HOWRAH,147000000.0,9,91.61675358475843,97.05772740003943
337,Odisha,Pratap Chandra Sarangi,BALASORE,147064254.11,9,75.46785666378162,59.93822179110299
338,Maharashtra,Prataprao Jadhav,BULDHANA,147000000.0,8,68.15049431445908,23.949370025322363
339,West Bengal,Pratima Mondal,JOYNAGAR(SC),147000000.0,6,39.22838291870538,92.54080941342687
340,Delhi,Praveen Khandelwal,CHANDINI CHOWK,147470276.0,7,57.127523245574594,69.21123166969733
341,Uttar Pradesh,PRAVEEN PATEL,PHULPUR,151559884.09,9,59.841694671238784,53.436264179401654
342,Uttar Pradesh,PRIYA SAROJ,MACHHLISHAHR(SC),147000000.0,10,84.21942674775268,62.71108442353394
343,Kerala,Priyanka Gandhi Vadra,WAYANAD,122500000.0,10,76.14092115897841,56.71587311328391
344,Karnataka,PRIYANKA SATISH JARKIHOLI,CHIKKODI,147000000.0,7,94.75090888962771,68.49783662816063
345,West Bengal,Prof Sougata Ray,DUM DUM,147000000.0,12,44.209880911029856,98.58832575433725
346,Uttar Pradesh,Prof SP Singh Baghel,AGRA(SC),147000000.0,12,94.13806381039468,93.89404512468218
347,Uttar Pradesh,PUSHPENDRA SAROJ,KAUSHAMBI(SC),147000000.0,9,87.32182232995069,48.03286871100259
348,Andhra Pradesh,Putta Mahesh Kumar,ELURU,147000000.0,12,51.82668790881402,41.77819829054685
349,Uttar Pradesh,R.K. CHAUDHARY,MOHANLALGANJ(SC),147000000.0,12,35.88701699513388,65.07709685580653
350,Odisha,RABINDRA NARAYAN BEHERA,JAJPUR(SC),147064617.11,5,57.1417122662867,63.2485281276396
351,West Bengal,RACHNA BANERJEE,HOOGHLY,147000000.0,12,80.58175368561153,23.06370273622269
352,Bihar,Radha Mohan Singh,PURVI CHAMPARAN,147000000.0,10,60.71843809146824,70.17114084938753
353,Karnataka,RADHAKRISHNA,GULBARGA(SC),147000000.0,6,87.2130760012165,93.11025377624064
354,Chhattisgarh,RADHE SHYAM RATHIYA,RAIGARH(ST),159706972.09,12,50.743019472587875,60.05279348134171
355,Uttar Pradesh,RAHUL GANDHI,RAE BARELI,147000000.0,8,64.52151158701622,36.358046715042406
356,Rajasthan,Rahul Kaswan,CHURU,147000000.0,12,69.71555419089077,73.32923391560142
357,Madhya Pradesh,RAHUL SINGH LODHI,DAMOH,163058785.37,12,75.44010142052312,53.3483877614249
358,Bihar,RAJ BHUSHAN CHOUDHARY,MUZAFFARPUR,147000000.0,15,56.49077625612743,57.791152843468645
359,Rajasthan,RAJ KUMAR ROAT,BANSWARA(ST),147000000.0,14,58.947056018469056,69.34788786620953
360,Bihar,RAJA RAM SINGH,KARAKAT,147000000.0,13,78.38401929669634,20.521108779474766
361,Maharashtra,RAJABHAU,NASHIK,152878682.11,11,51.78848382926531,42.70876956877552
362,Himachal Pradesh,RAJEEV BHARDWAJ,KANGRA,179388967.11,10,90.36449856868367,30.190537658656964
363,Uttar Pradesh,RAJEEV RAI,GHOSI,147000000.0,13,85.7180174990144,44.28050884871272
364,Bihar,RAJESH RANJAN ALIAS PAPPU YADAV,PURNEA,147000000.0,6,74.9690698637149,46.46823049240814
365,Bihar,RAJESH VERMA,KHAGARIA,147000000.0,11,45.20400702478934,65.32588909795314
366,Gujarat,Rajeshbhai Naranbhai Chudasama,JUNAGADH,147000000.0,15,50.66711959495025,94.93568302898521
367,Bihar,Rajiv Pratap Rudy,SARAN,147000000.0,9,78.98506665734718,83.30274298725278
368,Bihar,Rajiv Ranjan (Lalan) Singh,MUNGER,147000000.0,10,37.843105054290916,95.52411724300434
369,Uttar Pradesh,Rajkumar Chahar,FATEHPUR SIKRI,147000000.0,8,30.837995910701636,87.17583506400537
370,Uttar Pradesh,Rajnath Singh,LUCKNOW,154808797.11,5,70.35396142947172,73.38256096356683
371,Gujarat,RAJPALSINH MAHENDRASINH JADAV,PANCHMAHAL,147000000.0,8,68.2304993558847,90.85288085177476
372,West Bengal,Raju Bista,DARJEELING,147000000.0,9,93.0940675286315,82.00240024660803
373,Uttar Pradesh,RAKESH RATHOR,SITAPUR,147000000.0,8,89.91631887018713,21.294084514107716
374,Assam,RAKIBUL HUSSAIN,DHUBRI,147000000.0,5,86.71109768635577,28.939396611269697
375,Uttar Pradesh,RAM PRASAD CHAUDHARY,BASTI,204176957.11,5,87.93727927579292,83.49863114459177
376,Uttar Pradesh,Ram Shiromani,SHRAWASTI,151746878.11,12,81.46251082461268,90.16697719320945
377,Telangana,RAMASAHAYAM RAGHURAM REDDY,KHAMMAM,147000000.0,13,33.01208289849984,39.756791161145316
378,Uttar Pradesh,RAMASHANKAR RAJBHAR,SALEMPUR,160056927.07,14,37.33833796929327,33.47482302651403
379,Uttar Pradesh,RAMBHUAL NISHAD,SULTANPUR,151231957.11,13,70.85553064038838,86.28381245199596
380,Uttar Pradesh,RAMESH AWASTHI,KANPUR,147000000.0,7,84.11597138250072,29.659653882448094
381,Karnataka,Ramesh Chandappa Jigajinagi,BIJAPUR(SC),269500000.0,5,89.61269279734294,95.20485405937605
382,Bihar,Ramprit Mandal,JHANJHARPUR,147000000.0,7,54.32102462868123,82.12395042339037
383,Delhi,Ramvir Singh Bidhuri,SOUTH DELHI,147559100.0,15,62.83114641063292,64.343448565331
384,Assam,RANJIT DUTTA,Sonitpur,147000000.0,7,67.13635840484152,79.363377081261
385,Haryana,Rao Inderjit Singh,GURGAON,147000000.0,10,65.17525742235276,79.56565304869382
386,Rajasthan,Rao Rajendra Singh,JAIPUR RURAL,147000000.0,11,31.562115083054096,31.677744871550413
387,Bihar,Ravi Shankar Prasad,PATNA SAHIB,147000000.0,14,68.13822716365077,40.741894013800405
388,Maharashtra,RAVINDRA DATTARAM WAIKAR,MUMBAI NORTH WEST,147000000.0,13,72.90056235274221,44.37263522960244
389,Uttar Pradesh,Ravindra Shyamnarayan Alias Ravi Kishan Shukla,GORAKHPUR,147000000.0,6,90.57865002156342,81.13685253999971
390,Maharashtra,Ravindra Vasantrao Chavan,NANDED,147000000.0,10,45.39743889301887,38.40684986730996
391,Mizoram,RICHARD VANLALHMANGAIHA,MIZORAM (ST),147000000.0,9,56.82728036084875,52.350050454775996
392,Tamil Nadu,ROBERT BRUCE C,TIRUNELVELI,147475440.11,13,92.68645590424194,87.24526373255824
393,Madhya Pradesh,Rodmal Nagar,RAJGARH,147000000.0,13,94.46574629830604,57.859956935101806
394,Chhattisgarh,ROOP KUMARI CHOUDHARY,MAHASAMUND,153035414.0,15,90.7077060490397,59.8390526003117
395,Uttar Pradesh,RUCHI VIRA,MORADABAD,147000000.0,15,40.977602175350256,23.97355947189986
396,Odisha,RUDRA NARAYAN PANY,DHENKANAL,155013957.11,5,48.74461183341273,80.0872226112212
397,Nagaland,S SUPONGMEREN JAMIR,NAGALAND,147000000.0,7,63.585985452836695,99.10969194662263
398,Tamil Nadu,S Venkatesan,MADURAI,147000000.0,7,87.30110065208493,61.66798251205904
399,Tamil Nadu,S. Jagathrakshakan,ARAKKONAM,180589332.34,14,38.128649980432314,96.42823998419021
400,Tamil Nadu,SACHITHANANTHAM R,DINDIGUL,147000000.0,6,63.03288041443999,20.258952616012653
401,Karnataka,SAGAR ESHWAR KHANDRE,BIDAR,147000000.0,14,43.97001992356488,45.32472790250925
402,Meghalaya,SALENG A SANGMA,TURA,147000000.0,5,75.3845271434769,35.526964932742445
403,Odisha,SAMBIT PATRA,PURI,147000000.0,7,78.07486441160731,26.997885279090053
404,Uttar Pradesh,SANATAN PANDEY,BALLIA,180420041.4,8,38.66525864332517,24.469141434859
405,Maharashtra,SANJAY DINA PATIL,MUMBAI NORTH EAST,147000000.0,14,88.028370320195,39.45165031573313
406,Maharashtra,Sanjay Haribhau Jadhav,PARBHANI,147000000.0,13,47.244809763822104,88.54813787613165
407,Bihar,Sanjay Jaiswal,PASCHIM CHAMPARAN,147000000.0,14,67.92398070083651,34.53637791381424
408,Telangana,Sanjay Kumar Bandi,KARIMNAGAR,172775317.11,14,84.11430127339761,56.96531288279335
409,Jharkhand,Sanjay Seth,RANCHI,147064357.11,6,47.081452954677,34.4273958651327
410,Maharashtra,Sanjay Uttamrao Deshmukh,YAVATMAL-WASHIM,185640423.0,7,46.48805025671534,90.8025470782175
411,Rajasthan,SANJNA JATAV,BHARATPUR(SC),147000000.0,9,81.57612730044005,61.06563797512959
412,Chhattisgarh,Santosh Pandey,RAJNANDGAON,147000000.0,5,90.88594215047101,58.019036862786194
413,Odisha,Saptagiri Sankar Ulaka,KORAPUT(ST),269500000.0,11,63.22212520053603,59.35485560788658
414,Punjab,SARABJEET SINGH KHALSA,FARIDKOT(SC),150850348.15,7,36.9373810432533,51.488640085862826
415,Tamil Nadu,Sasikanth Senthil,TIRUVALLUR(SC),171500000.0,7,89.12183368740133,71.48237205063212
416,Haryana,SATPAL BRAHAMCHARI,SONEPAT,147000000.0,13,77.9474887290676,43.53284948014918
417,West Bengal,Saumitra khan,BISHNUPUR(SC),147000000.0,11,46.92513708463533,35.151155011676224
418,Madhya Pradesh,SAVITRI THAKUR,DHAR(ST),147000000.0,9,33.60554833064714,98.027211743918
419,West Bengal,SAYANI GHOSH,JADAVPUR,147000000.0,8,56.450737757961406,71.31697736850329
420,Haryana,SELJA,SIRSA(SC),147000000.0,14,41.46692911393257,84.62877545387842
421,Tamil Nadu,SELVAGANAPATHI T M,SALEM,147000000.0,10,79.56858864789706,35.27223664890326
422,Tamil Nadu,SELVARAJ V,NAGAPATTINAM(SC),147000000.0,6,36.64490332945565,84.51091110040306
423,Kerala,SHAFI PARAMBIL,VADAKARA,147000000.0,14,58.24171897946269,59.82783332289817
424,Bihar,SHAMBHAVI,SAMASTIPUR(SC),147000000.0,7,61.87565466868082,40.34392755041046
425,Madhya Pradesh,Shankar Lalwani,INDORE,147000000.0,5,79.31825151525956,84.97707465711613
426,Uttar Pradesh,SHASHANK MANI,DEORIA,147000000.0,10,83.61358112707994,65.66075030311345
427,West Bengal,Shatrughan Sinha,ASANSOL,147000000.0,8,48.79663909611338,31.97754119181444
428,Punjab,SHER SINGH GHUBAYA,FIROZPUR,147000000.0,11,78.32693164829072,74.59749274263334
429,Madhya Pradesh,SHIVMANGAL SINGH TOMAR,MORENA,147000000.0,5,76.76563742868646,23.07600428315224
430,Madhya Pradesh,SHIVRAJ SINGH CHOUHAN,VIDISHA,147000000.0,9,31.598382998153394,26.079860987539007
431,Karnataka,SHOBHA KARANDLAJE,BANGALORE NORTH,147000000.0,7,48.72366662569055,77.0459734639664
432,Gujarat,SHOBHANABEN MAHENDRASINH BARAIYA,SABARKANTHA,147000000.0,14,74.76151715931007,26.904250868514204
433,Karnataka,SHREYAS. M. PATEL,HASSAN,147000000.0,9,71.43265157712875,35.54521545467486
434,Haryana,Shri  Dharambir Singh,BHIWANI MAHENDRAGARH,147000000.0,11,53.731715046264625,31.722908278571566
435,West Bengal,Shri Abhishek Banerjee,DIAMOND HARBOUR,147000000.0,6,78.11634450640386,46.43912468141345
436,Punjab,Shri Amar Singh,FATEHGARH SAHIB(SC),147000000.0,9,60.43749728611146,96.98098951402335
437,Gujarat,Shri Amit Shah,GANDHINAGAR,147000000.0,15,47.91468978508475,44.56584119510214
438,Madhya Pradesh,Shri Anil Firojiya,UJJAIN(SC),147000000.0,9,56.35655591667489,60.61627457185929
439,Rajasthan,Shri Arjun Ram Meghwal,BIKANER(SC),147000000.0,12,76.62387883278912,45.804179661335844
440,Uttar Pradesh,Shri Arun Kumar Sagar,SHAHJAHANPUR(SC),147000000.0,5,91.59980721089738,73.3866866788739
441,Karnataka,Shri B Y Raghavendra,SHIMOGA,147000000.0,12,30.551783681630592,23.104121450291952
442,Kerala,Shri Benny Behanan,CHALAKUDY,164674770.11,7,41.28470748640323,35.72400182348338
443,Odisha,Shri Bhartruhari Mahtab,CUTTACK,147000000.0,5,81.30718808950948,40.597505260801334
444,Jharkhand,Shri Chandra Prakash Choudhary,GIRIDIH,147000000.0,6,87.57031032306497,22.272976610924992
445,West Bengal,Shri Deepak (Dev) Adhikari,GHATAL,200747364.0,7,35.60638948894921,80.24401191005283
446,Punjab,Shri Gurjeet Singh Aujla,AMRITSAR,147000000.0,7,49.28712960932229,41.91714036160992
447,Rajasthan,Shri Hanuman Beniwal,NAGAUR,147000000.0,5,75.55080374771038,42.14642100901082
448,Kerala,Shri Hibi Eden,ERNAKULAM,162177260.11,15,81.72884671800729,71.23012444910796
449,Bihar,Shri Janardan Singh Sigriwal,MAHARAJGANJ_BR,147000000.0,12,34.28448727119046,47.3380001221898
450,Odisha,Shri Jual Oram,SUNDARGARH (ST),173096756.91,14,52.858977408979655,81.18050122012416
451,Jammu And Kashmir,Shri Jugal Kishore Sharma,JAMMU,147000000.0,11,68.11840437646174,68.25232895864943
452,West Bengal,Shri Jyotirmay Singh Mahato,PURULIA,147000000.0,15,77.00866380153641,32.80274339992246
453,Tamil Nadu,Shri Karti P Chidambaram,SIVAGANGA,159049284.11,9,50.94519036492298,20.382464302591874
454,Kerala,Shri Kumbakudi Sudhakaran,KANNUR,147000000.0,6,59.58936045765836,42.154376458869926
455,Karnataka,Shri LS Tejasvi Surya,BANGALORE SOUTH,147000000.0,6,93.17949738042093,38.06689314792814
456,Kerala,Shri M K Raghavan,KOZHIKODE,147000000.0,9,30.14231341116281,88.09599661232818
457,Uttar Pradesh,Shri Narendra Modi,VARANASI,162070276.11,9,43.07598607425485,89.73658480223783
458,Kerala,Shri NK Premachandran,KOLLAM,171477994.11,9,34.42133269314882,28.573993496624883
459,Rajasthan,Shri PP Chaudhary,PALI,147000000.0,6,31.994425784043724,65.95284241211041
460,Kerala,Shri Rajmohan Unnithan,KASARAGOD,156754633.11,9,33.183660026888326,86.13467148110945
461,Assam,Shri Sarbananda Sonowal (18LS),DIBRUGARH,147000000.0,15,91.5780222356091,54.95693439019565
462,Uttar Pradesh,Shri Satish Kumar Gautam,ALIGARH,147000000.0,15,85.376861185766,73.63844345103169
463,West Bengal,Shri Shantanu Thakur,BANGAON(SC),147000000.0,14,51.32610113181072,56.46196562472815
464,Madhya Pradesh,Shri Sudheer Gupta,MANDSOUR,148988014.83,6,40.14066241759336,27.985881168367044
465,Kerala,Shri Suresh Kodikunnil,MAVELIKKARA(SC),172429519.11,7,30.515385012767073,34.24556569346436
466,Arunachal Pradesh,Shri Tapir Gao,ARUNACHAL EAST,147000000.0,9,64.1913570515924,37.87884107952937
467,Tamil Nadu,Shri vijayakumar Vasanth,KANNIYAKUMARI,171500000.0,13,74.0345242733388,99.10061900669075
468,Maharashtra,Shrikant Eknath Shinde,KALYAN,147000000.0,12,85.18371765077785,34.55211572871762
469,Maharashtra,SHRIMANT CHH UDAYANRAJE PRATAPSINHAMAHARAJ BHONSLE,SATARA,147000000.0,9,50.259925228281276,38.198440686617346
470,Goa,Shripad Yesso Naik,NORTH GOA,147000000.0,12,53.89681595265034,99.3106974717642
471,Maharashtra,Shrirang Appa Barne,MAVAL,147000000.0,12,87.00218329017338,57.32227967397812
472,Maharashtra,Shyamkumar,RAMTEK(SC),147000000.0,7,93.48217215828016,56.68732966803116
473,Andhra Pradesh,Sivanath Kesineni,VIJAYAWADA,147000000.0,9,55.641098415700384,48.41625953358758
474,West Bengal,SK NURUL ISLAM,BASIRHAT,49000000.0,15,88.86403329173572,67.39771678358437
475,Maharashtra,SMITA UDAY WAGH,JALGAON,148107373.11,13,65.68326606887226,48.864163967039005
476,Uttar Pradesh,Smt Anupriya Patel,MIRZAPUR,147000000.0,7,78.33662257430521,59.39266251823212
477,Odisha,Smt Aparajita Sarangi,BHUBANESWAR,147420861.41,12,78.03469396815288,95.66755985535265
478,Uttar Pradesh,Smt Dimple Yadav,MAINPURI,192042469.11,10,52.40413602945122,83.12619582821793
479,Punjab,Smt Harsimrat Kaur Badal,BHATINDA,159775982.39,8,75.91033006642948,66.40848129621862
480,Uttar Pradesh,Smt Hema Malini,MATHURA,147000000.0,9,50.706587550430115,91.42161113644431
481,Madhya Pradesh,Smt Himadri Singh,SHAHDOL (ST),150724861.11,10,58.596121901437186,92.47286773451889
482,Gujarat,Smt Poonamben Hematbhai Maadam,JAMNAGAR,147000000.0,11,72.43318128400189,77.03873778756363
483,Maharashtra,Smt Raksha Nikhil Khadse,RAVER,153112586.11,6,79.16689258318995,27.682088705990616
484,Tamil Nadu,Smt S Jothimani,KARUR,147000000.0,9,75.97897611296757,40.98148575577732
485,West Bengal,Smt Sajda Ahmed,ULUBERIA,147000000.0,9,75.27035514321686,36.47004276447846
486,Madhya Pradesh,Smt Sandhya Ray,BHIND(SC),147000000.0,14,84.61449430818594,26.878787636316723
487,Odisha,Smt Sangeeta Kumari Singh Deo,BOLANGIR,147000000.0,13,68.36213130059413,52.75535092712011
488,West Bengal,Smt Satabdi Roy (Banerjee),BIRBHUM,147000000.0,9,78.0958499886975,84.00450139749944
489,Maharashtra,Smt Supriya Sadanand Sule,BARAMATI,147000000.0,6,40.105241264481265,57.134468732457776
490,Bihar,Smt Veena Devi,VAISHALI,147000000.0,7,77.31215932213868,47.00864432857305
491,Andhra Pradesh,Sribharat MathuKumli,VISAKHAPATNAM,164841922.0,15,85.18298704443492,93.4301532563062
492,Bihar,SUDAMA PRASAD,ARRAH,147000000.0,9,92.12164961798649,34.08839940241913
493,Tamil Nadu,SUDHA R,MAYILADUTHURAI,147332315.11,15,46.70611216411855,21.55327502936033
494,Bihar,SUDHAKAR SINGH,BUXAR,185211956.54,9,72.58852975149875,59.822392196799974
495,West Bengal,Sudip Bandyopadhyay,KOLKATA UTTAR,147000000.0,12,63.5093714375707,86.49636922899218
496,Odisha,SUKANTA KUMAR PANIGRAHI,KANDHAMAL,190712424.11,14,85.8222759111091,63.55066391346821
497,Jharkhand,SUKHDEO BHAGAT,LOHARDAGA(ST),171821957.11,5,30.78596332017331,30.64896810855992
498,Punjab,SUKHJINDER SINGH RANDHAWA,GURDASPUR,147000000.0,14,40.10879306602499,33.06618246379651
499,Karnataka,SUNIL BOSE,CHAMARAJANAGAR(SC),147000000.0,10,85.8658868099725,51.05357350848336
500,Maharashtra,Sunil Dattatray Tatkare,RAIGAD,147000000.0,8,37.29633582137705,59.9404524619093
501,Bihar,Sunil Kumar,VALMIKI NAGAR,147000000.0,5,66.80153520803647,52.081775733065676
502,Bihar,SURENDRA PRASAD YADAV,JAHANABAD,155325714.0,7,38.60603258235335,68.63794763775894
503,Kerala,SURESH GOPI,THRISSUR,147000000.0,15,38.890192740289095,70.81255864031047
504,Himachal Pradesh,Suresh Kumar Kashyap,SHIMLA (SC),153563957.11,6,46.462768081535756,81.64890653777431
505,Telangana,SURESH KUMAR SHETKAR,ZAHIRABAD,147000000.0,14,43.46312308657859,61.20872455862859
506,Uttar Pradesh,Swami Sachchidanandhari Sakshi ji Maharaj,UNNAO,147000000.0,14,47.876231136792555,70.15270567045022
507,Tamil Nadu,T Sumathy (A) Thamizhachi Thangapandian,CHENNAI SOUTH,147000000.0,8,71.02685613530988,53.90553746935729
508,Andhra Pradesh,TANGELLA UDAY SRINIVAS,KAKINADA,199417886.76,6,50.51195595133204,63.49076144023067
509,Uttar Pradesh,TANUJ PUNIA,BARABANKI(SC),148198170.11,11,59.6352642849353,39.596365004033956
510,Bihar,TARIQ ANWAR,KATIHAR,147000000.0,11,31.11278050817947,57.46128269952506
511,Tamil Nadu,Thalikkottai Rajuthevar Baalu,SRIPERUMBUDUR,196905535.11,14,39.440897378799875,23.28849200873938
512,Tamil Nadu,THANGA TAMILSELVAN,THENI,147000000.0,13,71.27095976908089,89.64842407531148
513,Tamil Nadu,THARANIVENTHAN M S,ARANI,168337124.35,9,34.201883709213675,67.98943871278394
514,Tamil Nadu,Thiru Dayanidhi Maran,CHENNAI CENTRAL,147000000.0,9,92.46630422640283,80.58417622309159
515,Tamil Nadu,Thirumaa Valavan Thol,CHIDAMBARAM(SC),147000000.0,7,31.78810780806732,73.92098024286841
516,Chhattisgarh,TOKHAN SAHU,BILASPUR,147000000.0,5,86.24874318201273,90.47302691025628
517,Uttarakhand,TRIVENDRA SINGH RAWAT,HARDWAR,147000000.0,7,94.90864576736516,95.7356119779769
518,Uttar Pradesh,UJJWAL RAMAN SINGH,ALLAHABAD,147000000.0,15,47.78460393347807,46.10272900138764
519,Rajasthan,UMMEDA RAM BENIWAL,BARMER,147000000.0,11,68.13482716869113,93.4533272930957
520,Uttar Pradesh,UTKARSH VERMA MADHUR,KHERI,147000000.0,12,81.25756644180437,36.54227055797
521,Tamil Nadu,V S Matheswaran,NAMAKKAL,162539930.11,13,79.0980852941262,81.34649087359463
522,Karnataka,V. SOMANNA,TUMKUR,147000000.0,7,60.03583457087468,57.07386286155412
523,Puducherry,Vaithilingam Ve,Puducherry,209368972.11,9,75.63866461043716,86.5984655490463
524,Telangana,VAMSI KRISHNA GADDAM,PEDDAPALLE,148451721.11,12,69.93137281562372,41.54568821766358
525,Haryana,VARUN CHAUDHRY,AMBALA (SC),255454264.0,9,63.73685686693917,96.35153412885059
526,Kerala,Vellalath Kochukrishnan Nair Sreekandan,PALAKKAD,167807990.11,13,84.87523241932203,71.23900561532443
527,Chhattisgarh,Vijay Baghel,DURG,147000000.0,7,63.2734188297945,66.0715466970875
528,Uttar Pradesh,Vijay Kumar Dubey,KUSHI NAGAR,148900000.0,8,59.287733490218685,42.93368901628249
529,Jharkhand,Vijay Kumar Hansdak,RAJMAHAL(ST),147223957.11,15,34.17129822075941,57.914582544863045
530,Bihar,VIJAYLAKSHMI DEVI,SIWAN,147000000.0,9,50.62778382622611,54.74509138619929
531,Gujarat,Vinod Chavda,KACHCHH(SC),147000000.0,12,92.06615958396416,58.485066112714854
532,Uttar Pradesh,VINOD KUMAR BIND,BHADOHI,147000000.0,8,68.73850630465301,52.81670984325647
533,Madhya Pradesh,Virendra Kumar,TIKAMGARH(SC),147000000.0,6,94.46514614382752,23.809603762436193
534,Uttar Pradesh,VIRENDRA SINGH,CHANDAULI,147000000.0,14,48.93254662894897,49.857212307327046
535,Maharashtra,VISHAL,SANGLI,147000000.0,15,53.12753359196928,35.902809933662596
536,Jharkhand,Vishnu Dayal Ram,PALAMU(SC),158176083.11,11,94.24444471014658,71.41796715272729
537,Madhya Pradesh,Vishnu Dutt Sharma,KHAJURAHO,147000000.0,13,34.62985773795252,94.43469730341268
538,Karnataka,VISHWESHWAR HEGDE KAGERI,UTTARA KANNADA,147000000.0,11,40.50293444616089,93.08102434948916
539,Bihar,VIVEK THAKUR,NAWADA,147000000.0,15,75.6639474298806,64.96683568772306
540,Andhra Pradesh,Y S Avinash Reddy,KADAPA,156430260.11,7,91.54773570806896,50.0722724466367
541,Karnataka,YADUVEER KRISHNADATTA CHAMARAJA WADIYAR,MYSORE,147000000.0,5,38.62242160193903,82.66002902110779
542,Delhi,Yogendra Chandoliya,NORTH WEST DELHI(SC),147876307.0,14,71.88592203847355,57.361515302977544
543,Uttar Pradesh,ZIA UR REHMAN,SAMBHAL,147000000.0,15,37.444966087964026,55.55389306281234
